day,opening_inventory,demand,available_inventory,order_quantity,sales,ending_inventory,shortage,order_cost,holding_cost,shortage_cost,total_cost
1,0,3,12,12,3,9,0,54.0,9.0,0.0,63.0
2,9,3,9,0,3,6,0,0.0,6.0,0.0,6.0
3,6,4,6,0,4,2,0,0.0,2.0,0.0,2.0
4,2,5,2,0,2,0,3,0.0,0.0,24.0,24.0
5,0,2,12,12,2,10,0,54.0,10.0,0.0,64.0
6,10,1,10,0,1,9,0,0.0,9.0,0.0,9.0
7,9,1,9,0,1,8,0,0.0,8.0,0.0,8.0
8,8,6,8,0,6,2,0,0.0,2.0,0.0,2.0
9,2,6,2,0,2,0,4,0.0,0.0,32.0,32.0
10,0,2,12,12,2,10,0,54.0,10.0,0.0,64.0
11,10,6,10,0,6,4,0,0.0,4.0,0.0,4.0
12,4,2,4,0,2,2,0,0.0,2.0,0.0,2.0
13,2,3,2,0,2,0,1,0.0,0.0,8.0,8.0
14,0,3,12,12,3,9,0,54.0,9.0,0.0,63.0
15,9,5,9,0,5,4,0,0.0,4.0,0.0,4.0
16,4,0,4,0,0,4,0,0.0,4.0,0.0,4.0
17,4,2,4,0,2,2,0,0.0,2.0,0.0,2.0
18,2,3,2,0,2,0,1,0.0,0.0,8.0,8.0
19,0,1,12,12,1,11,0,54.0,11.0,0.0,65.0
20,11,2,11,0,2,9,0,0.0,9.0,0.0,9.0
21,9,3,9,0,3,6,0,0.0,6.0,0.0,6.0
22,6,5,6,0,5,1,0,0.0,1.0,0.0,1.0
23,1,4,12,11,4,8,0,52.0,8.0,0.0,60.0
24,8,5,8,0,5,3,0,0.0,3.0,0.0,3.0
25,3,4,3,0,3,0,1,0.0,0.0,8.0,8.0
26,0,4,12,12,4,8,0,54.0,8.0,0.0,62.0
27,8,5,8,0,5,3,0,0.0,3.0,0.0,3.0
28,3,4,3,0,3,0,1,0.0,0.0,8.0,8.0
29,0,4,12,12,4,8,0,54.0,8.0,0.0,62.0
30,8,2,8,0,2,6,0,0.0,6.0,0.0,6.0
31,6,2,6,0,2,4,0,0.0,4.0,0.0,4.0
32,4,4,4,0,4,0,0,0.0,0.0,0.0,0.0
33,0,2,12,12,2,10,0,54.0,10.0,0.0,64.0
34,10,5,10,0,5,5,0,0.0,5.0,0.0,5.0
35,5,3,5,0,3,2,0,0.0,2.0,0.0,2.0
36,2,2,2,0,2,0,0,0.0,0.0,0.0,0.0
37,0,6,12,12,6,6,0,54.0,6.0,0.0,60.0
38,6,2,6,0,2,4,0,0.0,4.0,0.0,4.0
39,4,3,4,0,3,1,0,0.0,1.0,0.0,1.0
40,1,1,12,11,1,11,0,52.0,11.0,0.0,63.0
41,11,6,11,0,6,5,0,0.0,5.0,0.0,5.0
42,5,3,5,0,3,2,0,0.0,2.0,0.0,2.0
43,2,5,2,0,2,0,3,0.0,0.0,24.0,24.0
44,0,2,12,12,2,10,0,54.0,10.0,0.0,64.0
45,10,5,10,0,5,5,0,0.0,5.0,0.0,5.0
46,5,4,5,0,4,1,0,0.0,1.0,0.0,1.0
47,1,4,12,11,4,8,0,52.0,8.0,0.0,60.0
48,8,6,8,0,6,2,0,0.0,2.0,0.0,2.0
49,2,3,2,0,2,0,1,0.0,0.0,8.0,8.0
50,0,3,12,12,3,9,0,54.0,9.0,0.0,63.0
51,9,4,9,0,4,5,0,0.0,5.0,0.0,5.0
52,5,5,5,0,5,0,0,0.0,0.0,0.0,0.0
53,0,2,12,12,2,10,0,54.0,10.0,0.0,64.0
54,10,4,10,0,4,6,0,0.0,6.0,0.0,6.0
55,6,2,6,0,2,4,0,0.0,4.0,0.0,4.0
56,4,3,4,0,3,1,0,0.0,1.0,0.0,1.0
57,1,4,12,11,4,8,0,52.0,8.0,0.0,60.0
58,8,1,8,0,1,7,0,0.0,7.0,0.0,7.0
59,7,4,7,0,4,3,0,0.0,3.0,0.0,3.0
60,3,0,3,0,0,3,0,0.0,3.0,0.0,3.0
61,3,6,3,0,3,0,3,0.0,0.0,24.0,24.0
62,0,3,12,12,3,9,0,54.0,9.0,0.0,63.0
63,9,3,9,0,3,6,0,0.0,6.0,0.0,6.0
64,6,4,6,0,4,2,0,0.0,2.0,0.0,2.0
65,2,3,2,0,2,0,1,0.0,0.0,8.0,8.0
66,0,4,12,12,4,8,0,54.0,8.0,0.0,62.0
67,8,1,8,0,1,7,0,0.0,7.0,0.0,7.0
68,7,3,7,0,3,4,0,0.0,4.0,0.0,4.0
69,4,3,4,0,3,1,0,0.0,1.0,0.0,1.0
70,1,6,12,11,6,6,0,52.0,6.0,0.0,58.0
71,6,0,6,0,0,6,0,0.0,6.0,0.0,6.0
72,6,3,6,0,3,3,0,0.0,3.0,0.0,3.0
73,3,4,3,0,3,0,1,0.0,0.0,8.0,8.0
74,0,3,12,12,3,9,0,54.0,9.0,0.0,63.0
75,9,1,9,0,1,8,0,0.0,8.0,0.0,8.0
76,8,3,8,0,3,5,0,0.0,5.0,0.0,5.0
77,5,2,5,0,2,3,0,0.0,3.0,0.0,3.0
78,3,2,3,0,2,1,0,0.0,1.0,0.0,1.0
79,1,5,12,11,5,7,0,52.0,7.0,0.0,59.0
80,7,2,7,0,2,5,0,0.0,5.0,0.0,5.0
81,5,3,5,0,3,2,0,0.0,2.0,0.0,2.0
82,2,4,2,0,2,0,2,0.0,0.0,16.0,16.0
83,0,4,12,12,4,8,0,54.0,8.0,0.0,62.0
84,8,3,8,0,3,5,0,0.0,5.0,0.0,5.0
85,5,5,5,0,5,0,0,0.0,0.0,0.0,0.0
86,0,3,12,12,3,9,0,54.0,9.0,0.0,63.0
87,9,4,9,0,4,5,0,0.0,5.0,0.0,5.0
88,5,5,5,0,5,0,0,0.0,0.0,0.0,0.0
89,0,4,12,12,4,8,0,54.0,8.0,0.0,62.0
90,8,4,8,0,4,4,0,0.0,4.0,0.0,4.0
