holding_cost,shortage_cost,best_s,best_S,best_average_daily_cost,best_stockout_rate,best_fill_rate,best_average_ending_inventory
0.5,4.0,1,12,16.536784182511116,0.10686527734931489,0.9390501361657095,4.713848798108215
0.5,8.0,1,12,17.299876477716428,0.10686527734931489,0.9390501361657095,4.713848798108215
0.5,16.0,2,12,18.287305851221394,0.05931578611281683,0.9709144235235653,5.109020023437147
1.0,4.0,1,12,18.89370858156523,0.10686527734931489,0.9390501361657095,4.713848798108215
1.0,8.0,1,12,19.65680087677054,0.10686527734931489,0.9390501361657095,4.713848798108215
1.0,16.0,2,12,20.841815862939995,0.05931578611281683,0.9709144235235653,5.109020023437147
2.0,4.0,1,10,23.185081376690295,0.12611761688545917,0.9283150931962337,3.7415475810233536
2.0,8.0,1,10,24.082576409873436,0.12611761688545917,0.9283150931962337,3.7415475810233536
2.0,16.0,1,11,25.808442387188155,0.11610040630064981,0.9338216419578637,4.225120429737916
